speciesCode,commonName,scientificName,locId,locName,observationDate,latitude,longitude,obsValid,obsReviewed,locationPrivate,subId,observationCount,exoticCategory
inpher1,Indian Pond-Heron,Ardeola grayii,L76522633,"Ratnagiri-Ganpati Pule Highway, Bholewadi, Maharashtra, IN (17.075, 73.289)",2026-09-01 12:33,17.0746783,73.2891183,True,False,True,S388785214,,
categr2,Eastern Cattle-Egret,Ardea coromanda,L76522633,"Ratnagiri-Ganpati Pule Highway, Bholewadi, Maharashtra, IN (17.075, 73.289)",2026-09-01 12:33,17.0746783,73.2891183,True,False,True,S388785214,,
rocpig,Rock Pigeon,Columba livia,L16889132,Nanded City,2026-09-01 12:15,18.456392,73.779495,True,False,False,S388784973,20.0,N
blakit1,Black Kite,Milvus migrans,L16889132,Nanded City,2026-09-01 12:15,18.456392,73.779495,True,False,False,S388784973,7.0,
ashpri1,Ashy Prinia,Prinia socialis,L16889132,Nanded City,2026-09-01 12:15,18.456392,73.779495,True,False,False,S388784973,1.0,
duscrm1,Dusky Crag-Martin,Ptyonoprogne concolor,L16889132,Nanded City,2026-09-01 12:15,18.456392,73.779495,True,False,False,S388784973,3.0,
rewbul,Red-whiskered Bulbul,Pycnonotus jocosus,L16889132,Nanded City,2026-09-01 12:15,18.456392,73.779495,True,False,False,S388784973,1.0,
revbul,Red-vented Bulbul,Pycnonotus cafer,L16889132,Nanded City,2026-09-01 12:15,18.456392,73.779495,True,False,False,S388784973,2.0,
commyn,Common Myna,Acridotheres tristis,L16889132,Nanded City,2026-09-01 12:15,18.456392,73.779495,True,False,False,S388784973,2.0,
nutman,Scaly-breasted Munia,Lonchura punctulata,L16889132,Nanded City,2026-09-01 12:15,18.456392,73.779495,True,False,False,S388784973,2.0,
asikoe2,Asian Koel,Eudynamys scolopaceus,L76522708,"Velvi - Bandhtivre - Dapoli Road, Shivajinagar, Maharashtra, IN (17.801, 73.189)",2026-09-01 11:35,17.800915,73.1887133,True,False,True,S388785867,1.0,
whtkin2,White-throated Kingfisher,Halcyon smyrnensis,L76522708,"Velvi - Bandhtivre - Dapoli Road, Shivajinagar, Maharashtra, IN (17.801, 73.189)",2026-09-01 11:35,17.800915,73.1887133,True,False,True,S388785867,1.0,
comtai1,Common Tailorbird,Orthotomus sutorius,L76522708,"Velvi - Bandhtivre - Dapoli Road, Shivajinagar, Maharashtra, IN (17.801, 73.189)",2026-09-01 11:35,17.800915,73.1887133,True,False,True,S388785867,1.0,
putbab1,Puff-throated Babbler,Pellorneum ruficeps,L76522708,"Velvi - Bandhtivre - Dapoli Road, Shivajinagar, Maharashtra, IN (17.801, 73.189)",2026-09-01 11:35,17.800915,73.1887133,True,False,True,S388785867,2.0,
pursun3,Purple-rumped Sunbird,Leptocoma zeylonica,L76522708,"Velvi - Bandhtivre - Dapoli Road, Shivajinagar, Maharashtra, IN (17.801, 73.189)",2026-09-01 11:35,17.800915,73.1887133,True,False,True,S388785867,2.0,
grnbee3,Asian Green Bee-eater,Merops orientalis,L1838309,Pune University,2026-09-01 11:32,18.5516,73.8256,True,False,False,S388775613,2.0,
copbar1,Coppersmith Barbet,Psilopogon haemacephalus,L1838309,Pune University,2026-09-01 11:32,18.5516,73.8256,True,False,False,S388775613,1.0,
labcro1,Large-billed Crow,Corvus macrorhynchos,L1838309,Pune University,2026-09-01 11:32,18.5516,73.8256,True,False,False,S388775613,1.0,
magrob,Oriental Magpie-Robin,Copsychus saularis,L1838309,Pune University,2026-09-01 11:32,18.5516,73.8256,True,False,False,S388775613,1.0,
spbfan1,Spot-breasted Fantail,Rhipidura albogularis,L6520652,Sunshine Elegance - Thakurli (Restricted Access),2026-09-01 10:24,19.2242715,73.1024896,True,False,False,S388777159,1.0,
houspa,House Sparrow,Passer domesticus,L6520652,Sunshine Elegance - Thakurli (Restricted Access),2026-09-01 10:24,19.2242715,73.1024896,True,False,False,S388777159,2.0,
spodov,Spotted Dove,Spilopelia chinensis,L18210886,"Forest Guard Training School, Shahapur, Maharashtra, IN (19.449, 73.319)",2026-09-01 10:20,19.4494408,73.3187983,True,False,True,S388779052,2.0,
cohcuc1,Common Hawk-Cuckoo,Hierococcyx varius,L18210886,"Forest Guard Training School, Shahapur, Maharashtra, IN (19.449, 73.319)",2026-09-01 10:20,19.4494408,73.3187983,True,False,True,S388779052,1.0,
renibi1,Red-naped Ibis,Pseudibis papillosa,L18210886,"Forest Guard Training School, Shahapur, Maharashtra, IN (19.449, 73.319)",2026-09-01 10:20,19.4494408,73.3187983,True,False,True,S388779052,1.0,
grtdro1,Greater Racket-tailed Drongo,Dicrurus paradiseus,L18210886,"Forest Guard Training School, Shahapur, Maharashtra, IN (19.449, 73.319)",2026-09-01 10:20,19.4494408,73.3187983,True,False,True,S388779052,1.0,
cintit13,Asian Tit,Parus cinereus,L18210886,"Forest Guard Training School, Shahapur, Maharashtra, IN (19.449, 73.319)",2026-09-01 10:20,19.4494408,73.3187983,True,False,True,S388779052,1.0,
gybpri1,Gray-breasted Prinia,Prinia hodgsonii,L18210886,"Forest Guard Training School, Shahapur, Maharashtra, IN (19.449, 73.319)",2026-09-01 10:20,19.4494408,73.3187983,True,False,True,S388779052,2.0,
junbab2,Jungle Babbler,Argya striata,L18210886,"Forest Guard Training School, Shahapur, Maharashtra, IN (19.449, 73.319)",2026-09-01 10:20,19.4494408,73.3187983,True,False,True,S388779052,8.0,
orhthr1,Orange-headed Thrush,Geokichla citrina,L18210886,"Forest Guard Training School, Shahapur, Maharashtra, IN (19.449, 73.319)",2026-09-01 10:20,19.4494408,73.3187983,True,False,True,S388779052,3.0,
tibfly3,Tickell's Blue Flycatcher,Cyornis tickelliae,L18210886,"Forest Guard Training School, Shahapur, Maharashtra, IN (19.449, 73.319)",2026-09-01 10:20,19.4494408,73.3187983,True,False,True,S388779052,1.0,
laudov1,Laughing Dove,Spilopelia senegalensis,L28997188,"Shravani Appartments,Durgapur Road,Major Gate,Chandrapur, Maharashtra",2026-09-01 10:07,19.9897444,79.3021596,True,False,True,S388762010,2.0,
shikra1,Shikra,Tachyspiza badia,L28997188,"Shravani Appartments,Durgapur Road,Major Gate,Chandrapur, Maharashtra",2026-09-01 10:07,19.9897444,79.3021596,True,False,True,S388762010,1.0,
indrob1,Indian Robin,Copsychus fulicatus,L28997188,"Shravani Appartments,Durgapur Road,Major Gate,Chandrapur, Maharashtra",2026-09-01 10:07,19.9897444,79.3021596,True,False,True,S388762010,2.0,
pursun4,Purple Sunbird,Cinnyris asiaticus,L28997188,"Shravani Appartments,Durgapur Road,Major Gate,Chandrapur, Maharashtra",2026-09-01 10:07,19.9897444,79.3021596,True,False,True,S388762010,1.0,
indsil,Indian Silverbill,Euodice malabarica,L28997188,"Shravani Appartments,Durgapur Road,Major Gate,Chandrapur, Maharashtra",2026-09-01 10:07,19.9897444,79.3021596,True,False,True,S388762010,2.0,
whbwag1,White-browed Wagtail,Motacilla maderaspatensis,L28997188,"Shravani Appartments,Durgapur Road,Major Gate,Chandrapur, Maharashtra",2026-09-01 10:07,19.9897444,79.3021596,True,False,True,S388762010,1.0,
paisto1,Painted Stork,Mycteria leucocephala,L16889132,Nanded City,2026-09-01 10:00,18.456392,73.779495,True,False,False,S388765896,2.0,
junpri1,Jungle Prinia,Prinia sylvatica,L76519323,"33, Vedashree Apartment, Pune IN-Maharashtra 18.51246, 73.79379",2026-09-01 09:45,18.512458,73.793791,True,False,True,S388759342,2.0,
indwhe1,Indian White-eye,Zosterops palpebrosus,L76519323,"33, Vedashree Apartment, Pune IN-Maharashtra 18.51246, 73.79379",2026-09-01 09:45,18.512458,73.793791,True,False,True,S388759342,1.0,
whcbar1,White-cheeked Barbet,Psilopogon viridis,L12462698,Mahatma Hill,2026-09-01 09:00,18.4962657,73.7935491,True,False,False,S388767767,1.0,
eucdov,Eurasian Collared-Dove,Streptopelia decaocto,L56968172,"Pusad, Maharashtra, IN (19.902, 77.571)",2026-09-01 08:35,19.9020234,77.5711319,True,False,True,S388754417,1.0,
recdov1,Red Collared-Dove,Streptopelia tranquebarica,L56968172,"Pusad, Maharashtra, IN (19.902, 77.571)",2026-09-01 08:35,19.9020234,77.5711319,True,False,True,S388754417,1.0,
comkin1,Common Kingfisher,Alcedo atthis,L56968172,"Pusad, Maharashtra, IN (19.902, 77.571)",2026-09-01 08:35,19.9020234,77.5711319,True,False,True,S388754417,1.0,
y00621,Eastern Red-rumped Swallow,Cecropis daurica,L56968172,"Pusad, Maharashtra, IN (19.902, 77.571)",2026-09-01 08:35,19.9020234,77.5711319,True,False,True,S388754417,1.0,
piebus1,Pied Bushchat,Saxicola caprata,L56968172,"Pusad, Maharashtra, IN (19.902, 77.571)",2026-09-01 08:35,19.9020234,77.5711319,True,False,True,S388754417,2.0,
rorpar,Rose-ringed Parakeet,Psittacula krameri,L12214455,Pancham Society (Andheri West),2026-09-01 08:30,19.1225519,72.8397068,True,False,True,S388778108,4.0,
houcro1,House Crow,Corvus splendens,L12214455,Pancham Society (Andheri West),2026-09-01 08:30,19.1225519,72.8397068,True,False,True,S388778108,5.0,
bkbkin1,Black-backed Dwarf-Kingfisher,Ceyx erithaca,L76518236,"Karnala Bird Sanctuary, Raigad IN-Maharashtra 18.88326, 73.10367",2026-09-01 08:17,18.883263,73.103667,True,False,True,S388753066,1.0,
comior1,Common Iora,Aegithina tiphia,L35579605,"Budhgaon, Maharashtra, IN (16.907, 74.599)",2026-09-01 08:17,16.9070836,74.5986388,True,False,True,S388758099,2.0,
pabflo1,Pale-billed Flowerpecker,Dicaeum erythrorhynchos,L35579605,"Budhgaon, Maharashtra, IN (16.907, 74.599)",2026-09-01 08:17,16.9070836,74.5986388,True,False,True,S388758099,1.0,
litegr,Little Egret,Egretta garzetta,L76519721,Taj Mahal Palace,2026-09-01 08:15,18.9219525,72.8333897,True,False,True,S388762194,,
inghor2,Indian Gray Hornbill,Ocyceros birostris,L76519721,Taj Mahal Palace,2026-09-01 08:15,18.9219525,72.8333897,True,False,True,S388762194,1.0,
barbut1,Barred Buttonquail,Turnix suscitator,L29012336,Prabhu Home & Backyard (Restricted access),2026-09-01 08:13,16.1044855,73.697205,True,False,False,S388766431,1.0,
bbbeat1,Blue-bearded Bee-eater,Nyctyornis athertoni,L29012336,Prabhu Home & Backyard (Restricted access),2026-09-01 08:13,16.1044855,73.697205,True,False,False,S388766431,1.0,
witswa1,Wire-tailed Swallow,Hirundo smithii,L29012336,Prabhu Home & Backyard (Restricted access),2026-09-01 08:13,16.1044855,73.697205,True,False,False,S388766431,2.0,
crbsun2,Crimson-backed Sunbird,Leptocoma minima,L29012336,Prabhu Home & Backyard (Restricted access),2026-09-01 08:13,16.1044855,73.697205,True,False,False,S388766431,1.0,
wecsun1,Vigors's Sunbird,Aethopyga vigorsii,L29012336,Prabhu Home & Backyard (Restricted access),2026-09-01 08:13,16.1044855,73.697205,True,False,False,S388766431,2.0,
goflea1,Golden-fronted Leafbird,Chloropsis aurifrons,L29012336,Prabhu Home & Backyard (Restricted access),2026-09-01 08:13,16.1044855,73.697205,True,False,False,S388766431,1.0,
compea,Indian Peafowl,Pavo cristatus,L63230757,"Mahurzari, Maharashtra, IN (21.209, 79.001)",2026-09-01 08:05,21.2087567,79.0009883,True,False,True,S388766355,5.0,
gryfra,Gray Francolin,Ortygornis pondicerianus,L63230757,"Mahurzari, Maharashtra, IN (21.209, 79.001)",2026-09-01 08:05,21.2087567,79.0009883,True,False,True,S388766355,5.0,
yefpig1,Yellow-footed Green-Pigeon,Treron phoenicopterus,L63230757,"Mahurzari, Maharashtra, IN (21.209, 79.001)",2026-09-01 08:05,21.2087567,79.0009883,True,False,True,S388766355,2.0,
grecou1,Greater Coucal,Centropus sinensis,L63230757,"Mahurzari, Maharashtra, IN (21.209, 79.001)",2026-09-01 08:05,21.2087567,79.0009883,True,False,True,S388766355,1.0,
placuc3,Gray-bellied Cuckoo,Cacomantis passerinus,L63230757,"Mahurzari, Maharashtra, IN (21.209, 79.001)",2026-09-01 08:05,21.2087567,79.0009883,True,False,True,S388766355,1.0,
plhpar1,Plum-headed Parakeet,Psittacula cyanocephala,L63230757,"Mahurzari, Maharashtra, IN (21.209, 79.001)",2026-09-01 08:05,21.2087567,79.0009883,True,False,True,S388766355,3.0,
ingori1,Indian Golden Oriole,Oriolus kundoo,L63230757,"Mahurzari, Maharashtra, IN (21.209, 79.001)",2026-09-01 08:05,21.2087567,79.0009883,True,False,True,S388766355,1.0,
bladro1,Black Drongo,Dicrurus macrocercus,L63230757,"Mahurzari, Maharashtra, IN (21.209, 79.001)",2026-09-01 08:05,21.2087567,79.0009883,True,False,True,S388766355,2.0,
ruftre2,Rufous Treepie,Dendrocitta vagabunda,L63230757,"Mahurzari, Maharashtra, IN (21.209, 79.001)",2026-09-01 08:05,21.2087567,79.0009883,True,False,True,S388766355,1.0,
plapri1,Plain Prinia,Prinia inornata,L63230757,"Mahurzari, Maharashtra, IN (21.209, 79.001)",2026-09-01 08:05,21.2087567,79.0009883,True,False,True,S388766355,2.0,
brasta1,Brahminy Starling,Sturnia pagodarum,L63230757,"Mahurzari, Maharashtra, IN (21.209, 79.001)",2026-09-01 08:05,21.2087567,79.0009883,True,False,True,S388766355,2.0,
litswi1,Little Swift,Apus affinis,L4682039,Bhusawal Thermal Power Station (BTPS)--500MW Premises,2026-09-01 07:59,21.0482838,75.8529326,True,False,False,S388753309,6.0,
whbwat1,White-breasted Waterhen,Amaurornis phoenicurus,L62174598,"156/2 Premlok Park Road, Pimpri-Chinchwad, Maharashtra, IN (18.641, 73.774)",2026-09-01 07:55,18.6407531,73.7740368,True,False,True,S388759460,2.0,
rewlap1,Red-wattled Lapwing,Vanellus indicus,L62174598,"156/2 Premlok Park Road, Pimpri-Chinchwad, Maharashtra, IN (18.641, 73.774)",2026-09-01 07:55,18.6407531,73.7740368,True,False,True,S388759460,1.0,
alepar2,Alexandrine Parakeet,Psittacula eupatria,L62174598,"156/2 Premlok Park Road, Pimpri-Chinchwad, Maharashtra, IN (18.641, 73.774)",2026-09-01 07:55,18.6407531,73.7740368,True,False,True,S388759460,2.0,
lotshr1,Long-tailed Shrike,Lanius schach,L62174598,"156/2 Premlok Park Road, Pimpri-Chinchwad, Maharashtra, IN (18.641, 73.774)",2026-09-01 07:55,18.6407531,73.7740368,True,False,True,S388759460,1.0,
lagbab2,Large Gray Babbler,Argya malcolmi,L62174598,"156/2 Premlok Park Road, Pimpri-Chinchwad, Maharashtra, IN (18.641, 73.774)",2026-09-01 07:55,18.6407531,73.7740368,True,False,True,S388759460,2.0,
junmyn1,Jungle Myna,Acridotheres fuscus,L62174598,"156/2 Premlok Park Road, Pimpri-Chinchwad, Maharashtra, IN (18.641, 73.774)",2026-09-01 07:55,18.6407531,73.7740368,True,False,True,S388759460,2.0,
baywea1,Baya Weaver,Ploceus philippinus,L62174598,"156/2 Premlok Park Road, Pimpri-Chinchwad, Maharashtra, IN (18.641, 73.774)",2026-09-01 07:55,18.6407531,73.7740368,True,False,True,S388759460,11.0,
paifra1,Painted Francolin,Francolinus pictus,L76519045,"Unnamed Road, Umravati, Maharashtra, IN (20.216, 75.527)",2026-09-01 07:38,20.2161883,75.5273483,True,False,True,S388757732,2.0,
combab3,Common Babbler,Argya caudata,L76519045,"Unnamed Road, Umravati, Maharashtra, IN (20.216, 75.527)",2026-09-01 07:38,20.2161883,75.5273483,True,False,True,S388757732,4.0,
grejun2,Gray Junglefowl,Gallus sonneratii,L58157695,"Katol Road, Bodhala, Maharashtra, IN (21.201, 79.007)",2026-09-01 07:29,21.2013483,79.0071683,True,False,True,S388751715,3.0,
orihob2,Oriental Honey-buzzard,Pernis ptilorhynchus,L58157695,"Katol Road, Bodhala, Maharashtra, IN (21.201, 79.007)",2026-09-01 07:29,21.2013483,79.0071683,True,False,True,S388751715,1.0,
grewar3,Greenish Warbler,Phylloscopus trochiloides,L58157695,"Katol Road, Bodhala, Maharashtra, IN (21.201, 79.007)",2026-09-01 07:29,21.2013483,79.0071683,True,False,True,S388751715,2.0,
yeebab1,Yellow-eyed Babbler,Chrysomma sinense,L58157695,"Katol Road, Bodhala, Maharashtra, IN (21.201, 79.007)",2026-09-01 07:29,21.2013483,79.0071683,True,False,True,S388751715,2.0,
isbduc1,Indian Spot-billed Duck,Anas poecilorhyncha,L62836029,"Samdoli Dam To Haripur Sangam Dhran Road, Samdoli, Maharashtra, IN (16.846, 74.513)",2026-09-01 07:26,16.8460683,74.5132833,True,False,True,S388755067,4.0,
indcor1,Indian Cormorant,Phalacrocorax fuscicollis,L62836029,"Samdoli Dam To Haripur Sangam Dhran Road, Samdoli, Maharashtra, IN (16.846, 74.513)",2026-09-01 07:26,16.8460683,74.5132833,True,False,True,S388755067,3.0,
graher1,Gray Heron,Ardea cinerea,L62836029,"Samdoli Dam To Haripur Sangam Dhran Road, Samdoli, Maharashtra, IN (16.846, 74.513)",2026-09-01 07:26,16.8460683,74.5132833,True,False,True,S388755067,4.0,
aspfly1,Indian Paradise-Flycatcher,Terpsiphone paradisi,L62836029,"Samdoli Dam To Haripur Sangam Dhran Road, Samdoli, Maharashtra, IN (16.846, 74.513)",2026-09-01 07:26,16.8460683,74.5132833,True,False,True,S388755067,3.0,
zitcis1,Zitting Cisticola,Cisticola juncidis,L62836029,"Samdoli Dam To Haripur Sangam Dhran Road, Samdoli, Maharashtra, IN (16.846, 74.513)",2026-09-01 07:26,16.8460683,74.5132833,True,False,True,S388755067,1.0,
babcuc2,Banded Bay Cuckoo,Cacomantis sonneratii,L21799168,"Step route to village downhill, Ranvi",2026-09-01 07:20,17.5356818,73.173668,True,False,True,S388752723,1.0,
brakit1,Brahminy Kite,Haliastur indus,L21799168,"Step route to village downhill, Ranvi",2026-09-01 07:20,17.5356818,73.173668,True,False,True,S388752723,1.0,
brhbar1,Brown-headed Barbet,Psilopogon zeylanicus,L21799168,"Step route to village downhill, Ranvi",2026-09-01 07:20,17.5356818,73.173668,True,False,True,S388752723,5.0,
bkrfla1,Black-rumped Flameback,Dinopium benghalense,L21799168,"Step route to village downhill, Ranvi",2026-09-01 07:20,17.5356818,73.173668,True,False,True,S388752723,3.0,
vehpar1,Vernal Hanging-Parrot,Loriculus vernalis,L21799168,"Step route to village downhill, Ranvi",2026-09-01 07:20,17.5356818,73.173668,True,False,True,S388752723,3.0,
blhori1,Black-hooded Oriole,Oriolus xanthornus,L21799168,"Step route to village downhill, Ranvi",2026-09-01 07:20,17.5356818,73.173668,True,False,True,S388752723,5.0,
comwoo1,Common Woodshrike,Tephrodornis pondicerianus,L21799168,"Step route to village downhill, Ranvi",2026-09-01 07:20,17.5356818,73.173668,True,False,True,S388752723,2.0,
whbbul2,White-browed Bulbul,Pycnonotus luteolus,L21799168,"Step route to village downhill, Ranvi",2026-09-01 07:20,17.5356818,73.173668,True,False,True,S388752723,6.0,
eurbla2,Indian Blackbird,Turdus simillimus,L21799168,"Step route to village downhill, Ranvi",2026-09-01 07:20,17.5356818,73.173668,True,False,True,S388752723,2.0,
plaflo1,Nilgiri Flowerpecker,Dicaeum concolor,L21799168,"Step route to village downhill, Ranvi",2026-09-01 07:20,17.5356818,73.173668,True,False,True,S388752723,1.0,
whrmun,White-rumped Munia,Lonchura striata,L21799168,"Step route to village downhill, Ranvi",2026-09-01 07:20,17.5356818,73.173668,True,False,True,S388752723,2.0,
comsan,Common Sandpiper,Actitis hypoleucos,L69129167,"Siddhabet, Kelgaon",2026-09-01 07:12,18.678495,73.8885283,True,False,False,S388750883,1.0,
rivter1,River Tern,Sterna aurantia,L69129167,"Siddhabet, Kelgaon",2026-09-01 07:12,18.678495,73.8885283,True,False,False,S388750883,2.0,
litcor1,Little Cormorant,Microcarbo niger,L69129167,"Siddhabet, Kelgaon",2026-09-01 07:12,18.678495,73.8885283,True,False,False,S388750883,6.0,
asidrc2,Fork-tailed Drongo-Cuckoo,Surniculus dicruroides,L6974675,Koradi Lake,2026-09-01 07:05,21.2586078,79.0862746,True,False,False,S388788227,1.0,
comcuc,Common Cuckoo,Cuculus canorus,L6974675,Koradi Lake,2026-09-01 07:05,21.2586078,79.0862746,True,False,False,S388788227,1.0,
commoo3,Eurasian Moorhen,Gallinula chloropus,L6974675,Koradi Lake,2026-09-01 07:05,21.2586078,79.0862746,True,False,False,S388788227,6.0,
purswa3,Gray-headed Swamphen,Porphyrio poliocephalus,L6974675,Koradi Lake,2026-09-01 07:05,21.2586078,79.0862746,True,False,False,S388788227,11.0,
phtjac1,Pheasant-tailed Jacana,Hydrophasianus chirurgus,L6974675,Koradi Lake,2026-09-01 07:05,21.2586078,79.0862746,True,False,False,S388788227,5.0,
brwjac1,Bronze-winged Jacana,Metopidius indicus,L6974675,Koradi Lake,2026-09-01 07:05,21.2586078,79.0862746,True,False,False,S388788227,3.0,
grecor,Great Cormorant,Phalacrocorax carbo,L6974675,Koradi Lake,2026-09-01 07:05,21.2586078,79.0862746,True,False,False,S388788227,3.0,
blabit1,Black Bittern,Botaurus flavicollis,L6974675,Koradi Lake,2026-09-01 07:05,21.2586078,79.0862746,True,False,False,S388788227,1.0,
cinbit1,Cinnamon Bittern,Botaurus cinnamomeus,L6974675,Koradi Lake,2026-09-01 07:05,21.2586078,79.0862746,True,False,False,S388788227,1.0,
yelbit,Yellow Bittern,Botaurus sinensis,L6974675,Koradi Lake,2026-09-01 07:05,21.2586078,79.0862746,True,False,False,S388788227,1.0,
strher1,Little Heron,Butorides atricapilla,L6974675,Koradi Lake,2026-09-01 07:05,21.2586078,79.0862746,True,False,False,S388788227,2.0,
greegr,Great Egret,Ardea alba,L6974675,Koradi Lake,2026-09-01 07:05,21.2586078,79.0862746,True,False,False,S388788227,1.0,
integr1,Medium Egret,Ardea intermedia,L6974675,Koradi Lake,2026-09-01 07:05,21.2586078,79.0862746,True,False,False,S388788227,1.0,
purher1,Purple Heron,Ardea purpurea,L6974675,Koradi Lake,2026-09-01 07:05,21.2586078,79.0862746,True,False,False,S388788227,5.0,
btbeat1,Blue-tailed Bee-eater,Merops philippinus,L6974675,Koradi Lake,2026-09-01 07:05,21.2586078,79.0862746,True,False,False,S388788227,5.0,
ashdro1,Ashy Drongo,Dicrurus leucophaeus,L6974675,Koradi Lake,2026-09-01 07:05,21.2586078,79.0862746,True,False,False,S388788227,2.0,
clrwar1,Clamorous Reed Warbler,Acrocephalus stentoreus,L6974675,Koradi Lake,2026-09-01 07:05,21.2586078,79.0862746,True,False,False,S388788227,2.0,
barswa,Barn Swallow,Hirundo rustica,L6974675,Koradi Lake,2026-09-01 07:05,21.2586078,79.0862746,True,False,False,S388788227,12.0,
sttswa2,Streak-throated Swallow,Petrochelidon fluvicola,L6974675,Koradi Lake,2026-09-01 07:05,21.2586078,79.0862746,True,False,False,S388788227,15.0,
aspsta2,Indian Pied Starling,Gracupica contra,L6974675,Koradi Lake,2026-09-01 07:05,21.2586078,79.0862746,True,False,False,S388788227,3.0,
sibsto1,Siberian Stonechat,Saxicola maurus,L6974675,Koradi Lake,2026-09-01 07:05,21.2586078,79.0862746,True,False,False,S388788227,1.0,
trimun,Tricolored Munia,Lonchura malacca,L6974675,Koradi Lake,2026-09-01 07:05,21.2586078,79.0862746,True,False,False,S388788227,6.0,
redava,Red Avadavat,Amandava amandava,L6974675,Koradi Lake,2026-09-01 07:05,21.2586078,79.0862746,True,False,False,S388788227,4.0,
gloibi,Glossy Ibis,Plegadis falcinellus,L76415047,Guardian Cityscapes,2026-09-01 07:00,18.490711,73.830509,True,False,True,S388750467,30.0,
bcnher,Black-crowned Night Heron,Nycticorax nycticorax,L76415047,Guardian Cityscapes,2026-09-01 07:00,18.490711,73.830509,True,False,True,S388750467,10.0,
yewlap2,Yellow-wattled Lapwing,Vanellus malabaricus,L76517150,"Rapewada, Maharashtra, IN (21.423, 80.154)",2026-09-01 06:49,21.4228124,80.1543814,True,False,True,S388746506,1.0,
indrol2,Indian Roller,Coracias benghalensis,L76517150,"Rapewada, Maharashtra, IN (21.423, 80.154)",2026-09-01 06:49,21.4228124,80.1543814,True,False,True,S388746506,1.0,
larcuc1,Indian Cuckooshrike,Coracina macei,L76517150,"Rapewada, Maharashtra, IN (21.423, 80.154)",2026-09-01 06:49,21.4228124,80.1543814,True,False,True,S388746506,1.0,
oripip1,Paddyfield Pipit,Anthus rufulus,L76517150,"Rapewada, Maharashtra, IN (21.423, 80.154)",2026-09-01 06:49,21.4228124,80.1543814,True,False,True,S388746506,2.0,
bkhcus1,Black-headed Cuckooshrike,Lalage melanoptera,L65267263,Bor Forest Colony,2026-09-01 06:19,20.956804,78.7081417,True,False,True,S388745568,1.0,
smamin1,Small Minivet,Pericrocotus cinnamomeus,L2804745,Sinhagad Valley,2026-09-01 06:15,18.3759692,73.7688533,True,False,False,S388756294,1.0,
shteag1,Short-toed Snake-Eagle,Circaetus gallicus,L58263626,kathora river surrounding,2026-09-01 05:50,20.9781241,77.7672715,True,False,True,S388738991,1.0,
